Population Size,Best Fitness
50,0.940074
25,0.460147
10,0.330494
